"artist","firstName","gender","itemInSession","lastName","length","level","location","sessionId","song","userId"
"Frumpies","Anabelle","F","0","Simpson","134.47791","free","Philadelphia-Camden-Wilmington, PA-NJ-DE-MD","455","Hello Kitty","69"
"Kenny G with Peabo Bryson","Anabelle","F","1","Simpson","264.75057","free","Philadelphia-Camden-Wilmington, PA-NJ-DE-MD","455","By The Time This Night Is Over","69"
"Biffy Clyro","Anabelle","F","2","Simpson","189.83138","free","Philadelphia-Camden-Wilmington, PA-NJ-DE-MD","455","God & Satan","69"
"HIM","Lily","F","1","Burns","212.06159","free","New York-Newark-Jersey City, NY-NJ-PA","456","Beautiful","32"
"Matmos","Joseph","M","0","Gutierrez","1449.11628","free","Columbia, SC","284","Supreme Balloon","75"
"Gary Allan","Ryann","F","0","Smith","259.83955","free","Palestine, TX","328","The One","92"
"Miracle Fortress","Ryann","F","1","Smith","200.9073","free","Palestine, TX","328","Five Roses","92"
"Don Omar","Ryann","F","2","Smith","261.35465","free","Palestine, TX","328","Cuentale","92"
"Jay-Z","Ryann","F","3","Smith","212.27057","free","Palestine, TX","328","D'Evils","92"
"Red Hot Chili Peppers","Ryann","F","4","Smith","231.33995","free","Palestine, TX","328","Easily (Album Version)","92"
"Flogging Molly","Chloe","F","1","Cuevas","361.9522","free","San Francisco-Oakland-Hayward, CA","437","Rebels of the Sacred Heart","49"
"Reverend Horton Heat","Chloe","F","2","Cuevas","158.64118","free","San Francisco-Oakland-Hayward, CA","437","Now_ Right Now","49"
"Sea Wolf","Chloe","F","3","Cuevas","232.61995","free","San Francisco-Oakland-Hayward, CA","437","I Made A Resolution","49"
"Jason Mraz & Colbie Caillat","Chloe","F","4","Cuevas","189.6224","free","San Francisco-Oakland-Hayward, CA","437","Lucky (Album Version)","49"
"Jamie Lidell","Chloe","F","5","Cuevas","175.25506","free","San Francisco-Oakland-Hayward, CA","437","Enoughs Enough","49"
"Feist","Chloe","F","6","Cuevas","212.79302","free","San Francisco-Oakland-Hayward, CA","437","Mushaboom (Postal Service Mix)","49"
"Sex Slaves","Chloe","F","12","Cuevas","175.51628","free","San Francisco-Oakland-Hayward, CA","437","We're Going Out Tonight","49"
"Rise Against","Chloe","F","1","Cuevas","169.482","free","San Francisco-Oakland-Hayward, CA","469","To Them These Streets Belong","49"
"BeyoncÃÂ©","Mohammad","M","1","Rodriguez","359.54893","free","Sacramento--Roseville--Arden-Arcade, CA","441","Get Me Bodied","88"
"Nate Dogg","Mohammad","M","2","Rodriguez","356.38812","free","Sacramento--Roseville--Arden-Arcade, CA","441","Never Leave Me Alone","88"
"Taylor Swift","Cierra","F","1","Finley","233.89995","free","Richmond, VA","443","Love Story","96"
"Lynyrd Skynyrd","Ryan","M","0","Smith","216.60689","free","San Jose-Sunnyvale-Santa Clara, CA","452","Sweet home Alabama","26"
"Kelis","Cierra","F","2","Finley","293.58975","free","Richmond, VA","443","Caught Out There (Explicit)","96"
"The Kills","Cierra","F","3","Finley","203.38893","free","Richmond, VA","443","Last Day Of Magic","96"
"Collie Buddz featuring Paul Wall","Aleena","F","1","Kirby","271.62077","paid","Waterloo-Cedar Falls, IA","448","What A Feeling","44"
"Charttraxx Karaoke","Cierra","F","4","Finley","225.17506","free","Richmond, VA","443","Fireflies","96"
"Band Of Horses","Aleena","F","2","Kirby","321.14893","paid","Waterloo-Cedar Falls, IA","448","The Funeral (Album Version)","44"
"Coldplay","Aleena","F","3","Kirby","307.51302","paid","Waterloo-Cedar Falls, IA","448","Clocks","44"
"Bon Jovi","Aleena","F","4","Kirby","228.75383","paid","Waterloo-Cedar Falls, IA","448","Have A Nice Day","44"
"P.O.D.","Aleena","F","5","Kirby","203.7024","paid","Waterloo-Cedar Falls, IA","448","Alive (2006 Remastered Album Version)","44"
"Bloc Party","Aleena","F","6","Kirby","222.04036","paid","Waterloo-Cedar Falls, IA","448","Plans (Replanned by Mogwai)","44"
"Los Prisioneros","Aleena","F","7","Kirby","211.12118","paid","Waterloo-Cedar Falls, IA","448","Pa Pa Pa","44"
"Octopus Project","Aleena","F","8","Kirby","175.25506","paid","Waterloo-Cedar Falls, IA","448","Lots More Stairs","44"
"Roudoudou","Aleena","F","9","Kirby","18.41587","paid","Waterloo-Cedar Falls, IA","448","Ecoute Ce Scratch","44"
"Africando","Aleena","F","10","Kirby","253.54404","paid","Waterloo-Cedar Falls, IA","448","Tierra Tradicional","44"
"RUN-DMC Featuring Method Man_ Kenny Cash_ Mike Ransom_ and Jamel Simmons","Aleena","F","11","Kirby","266.52689","paid","Waterloo-Cedar Falls, IA","448","Simmons Incorporated","44"
"Graham Coxon","Colm","M","1","Santana","197.14567","free","Nashville-Davidson--Murfreesboro--Franklin, TN","414","I'm Goin' Away","67"
"Queens Of The Stone Age","Aleena","F","12","Kirby","231.02649","paid","Waterloo-Cedar Falls, IA","448","In The Fade","44"
"Dance Gavin Dance","Colm","M","2","Santana","193.30567","free","Nashville-Davidson--Murfreesboro--Franklin, TN","414","Strawberry AndrÃÂ© (Album Version)","67"
"Passion Pit","Aleena","F","13","Kirby","243.69587","paid","Waterloo-Cedar Falls, IA","448","Eyes As Candles","44"
"Black Eyed Peas","Colm","M","4","Santana","229.61587","free","Nashville-Davidson--Murfreesboro--Franklin, TN","414","Let's Get It Started","67"
"Plastic Bertrand","Colm","M","5","Santana","180.00934","free","Nashville-Davidson--Murfreesboro--Franklin, TN","414","Ca plane pour moi","67"
"Cream","Colm","M","6","Santana","166.5824","free","Nashville-Davidson--Murfreesboro--Franklin, TN","414","Strange Brew","67"
"Coldplay","Colm","M","7","Santana","284.39465","free","Nashville-Davidson--Murfreesboro--Franklin, TN","414","A Message","67"
"Cute Is What We Aim For","Colm","M","8","Santana","172.22485","free","Nashville-Davidson--Murfreesboro--Franklin, TN","414","Sweat the Battle Before the Battle Sweats You (Album Version)","67"
"Metallica","Connar","M","0","Moreno","256.9922","free","Houston-The Woodlands-Sugar Land, TX","218","Of Wolf And Man","62"
"The Kills","Connar","M","1","Moreno","217.70404","free","Houston-The Woodlands-Sugar Land, TX","218","Tape Song","62"
"Foo Fighters","Connar","M","2","Moreno","271.38567","free","Houston-The Woodlands-Sugar Land, TX","218","The Pretender","62"
"Plaid","Connar","M","3","Moreno","260.96281","free","Houston-The Woodlands-Sugar Land, TX","218","Eyen [Chosen by fans on Warp20.net]","62"
"The Van Pelt","Theodore","M","1","Harris","208.71791","free","Red Bluff, CA","462","It's New To Me","14"
"44","Ryan","M","1","Smith","224.57424","free","San Jose-Sunnyvale-Santa Clara, CA","472","Make You Smile","26"
"Chris Brown","Rylan","M","1","George","275.1473","free","Birmingham-Hoover, AL","446","I May Never Find","16"
"KT Tunstall","Ryan","M","2","Smith","170.47465","free","San Jose-Sunnyvale-Santa Clara, CA","472","Black Horse And The Cherry Tree (Radio Version)","26"
"Cascada","Rylan","M","2","George","184.39791","free","Birmingham-Hoover, AL","446","Kids In America","16"
"Incubus","Ryan","M","3","Smith","293.38077","free","San Jose-Sunnyvale-Santa Clara, CA","472","Black Heart Inertia","26"
"Miike Snow","Tegan","F","1","Levine","220.83873","paid","Portland-South Portland, ME","435","Black & Blue","80"
"Cartola","Tegan","F","2","Levine","208.92689","paid","Portland-South Portland, ME","435","Sala De RecepÃÂ§ÃÂ£o","80"
"Kill The Client","Tegan","F","3","Levine","70.68689","paid","Portland-South Portland, ME","435","Commander In Thief","80"
"Wolfmother","Tegan","F","5","Levine","175.82975","paid","Portland-South Portland, ME","435","Woman","80"
"Old Crow Medicine Show","Tegan","F","6","Levine","231.73179","paid","Portland-South Portland, ME","435","Wagon Wheel","80"
"Architecture In Helsinki","Tegan","F","7","Levine","173.73995","paid","Portland-South Portland, ME","435","Debbie","80"
"Charlie Louvin","Tegan","F","8","Levine","170.86649","paid","Portland-South Portland, ME","435","I Think I'll Live","80"
"Miguel Morales","Tegan","F","9","Levine","270.78485","paid","Portland-South Portland, ME","435","La Derrota de Un Don Juan","80"
"Dominique A","Tegan","F","10","Levine","153.20771","paid","Portland-South Portland, ME","435","Le Courage Des Oiseaux","80"
"Cock Sparrer","Tegan","F","11","Levine","203.25832","paid","Portland-South Portland, ME","435","Run With The Blind","80"
"Jimmy Wakely","Tegan","F","12","Levine","165.74649","paid","Portland-South Portland, ME","435","I Love You So Much It Hurts","80"
"Peter Doherty","Tegan","F","13","Levine","217.02485","paid","Portland-South Portland, ME","435","A Little Death Around the Eyes","80"
"Katy Perry","Tegan","F","14","Levine","246.41261","paid","Portland-South Portland, ME","435","Thinking Of You","80"
"Sidewalk Prophets","Molly","F","0","Taylor","260.62322","free","St. Louis, MO-IL","464","You Love Me Anyway (Album)","35"
"Rise Against","Molly","F","1","Taylor","221.17832","free","St. Louis, MO-IL","464","Torches","35"
"K'Naan","Molly","F","2","Taylor","220.49914","free","St. Louis, MO-IL","464","Wavin'  Flag","35"
"Patrick Jumpen","Ryan","M","0","Smith","208.87465","free","San Jose-Sunnyvale-Santa Clara, CA","480","Holiday","26"
"Alicia Keys","Ryan","M","1","Smith","216.47628","free","San Jose-Sunnyvale-Santa Clara, CA","480","Empire State Of Mind (Part II) Broken Down","26"
"Des'ree","Kaylee","F","1","Summers","246.30812","free","Phoenix-Mesa-Scottsdale, AZ","139","You Gotta Be","8"
"Mr Oizo","Kaylee","F","3","Summers","144.03873","free","Phoenix-Mesa-Scottsdale, AZ","139","Flat 55","8"
"Tamba Trio","Kaylee","F","4","Summers","177.18812","free","Phoenix-Mesa-Scottsdale, AZ","139","Quem Quiser Encontrar O Amor","8"
"The Mars Volta","Kaylee","F","5","Summers","380.42077","free","Phoenix-Mesa-Scottsdale, AZ","139","Eriatarka","8"
"Infected Mushroom","Kaylee","F","6","Summers","440.2673","free","Phoenix-Mesa-Scottsdale, AZ","139","Becoming Insane","8"
"Blue October / Imogen Heap","Kaylee","F","7","Summers","241.3971","free","Phoenix-Mesa-Scottsdale, AZ","139","Congratulations","8"
"Girl Talk","Kaylee","F","8","Summers","160.15628","free","Phoenix-Mesa-Scottsdale, AZ","139","Once again","8"
"Black Eyed Peas","Sylvie","F","0","Cruz","214.93506","free","Washington-Arlington-Alexandria, DC-VA-MD-WV","9","Pump It","10"
"Fall Out Boy","Ryan","M","1","Smith","200.72444","free","San Jose-Sunnyvale-Santa Clara, CA","169","Nobody Puts Baby In The Corner","26"
"M.I.A.","Ryan","M","2","Smith","233.7171","free","San Jose-Sunnyvale-Santa Clara, CA","169","Mango Pickle Down River (With The Wilcannia Mob)","26"
"Survivor","Jayden","M","0","Fox","245.36771","free","New Orleans-Metairie, LA","100","Eye Of The Tiger","101"
"Hoobastank","Cierra","F","0","Finley","241.3971","free","Richmond, VA","132","Say The Same","96"
"Mark Knopfler","Cierra","F","1","Finley","249.3122","free","Richmond, VA","132","Why Aye Man","96"
"Mogwai","Cierra","F","2","Finley","341.28934","free","Richmond, VA","132","We're No Here","96"
"The Casualties","Cierra","F","3","Finley","181.49832","free","Richmond, VA","132","Punx Unite","96"
"The Living End","Ryan","M","0","Smith","188.62975","free","San Jose-Sunnyvale-Santa Clara, CA","433","Roll On (Album Version)","26"
"Aloe Blacc","Rylan","M","0","George","244.1922","free","Birmingham-Hoover, AL","402","I Need A Dollar","16"
"Faith No More","Rylan","M","1","George","326.50404","free","Birmingham-Hoover, AL","402","Helpless","16"
"Chris Cornell","Aleena","F","0","Kirby","353.69751","paid","Waterloo-Cedar Falls, IA","350","Sunshower (Great Expectations Soundtrack)","44"
"Weezer","Aleena","F","1","Kirby","203.93751","paid","Waterloo-Cedar Falls, IA","350","My Name Is Jonas","44"
"Stream of Passion feat. Ayreon","Aleena","F","2","Kirby","257.56689","paid","Waterloo-Cedar Falls, IA","350","Valley Of The Queens","44"
"Lupe Fiasco","Aleena","F","3","Kirby","273.94567","paid","Waterloo-Cedar Falls, IA","350","Shining Down [feat. Matthew Santos] (Amended Album Version)","44"
"Tom Petty","Aleena","F","4","Kirby","263.23546","paid","Waterloo-Cedar Falls, IA","350","Runnin' Down A Dream","44"
"The Killers","Aleena","F","5","Kirby","220.89098","paid","Waterloo-Cedar Falls, IA","350","When You Were Young","44"
"Afghan Whigs","Aleena","F","6","Kirby","179.40853","paid","Waterloo-Cedar Falls, IA","350","I'm Her Slave (Album)","44"
"CSS","Aleena","F","7","Kirby","213.75955","paid","Waterloo-Cedar Falls, IA","350","Let's Make Love And Listen To Death From Above [Dan Carey Mix] (remastered album version)","44"
"Mos Def / Talib Kweli","Aleena","F","8","Kirby","141.37424","paid","Waterloo-Cedar Falls, IA","350","History","44"
"Ryan Leslie","Aleena","F","9","Kirby","203.96363","paid","Waterloo-Cedar Falls, IA","350","How It Was Supposed To Be","44"
"Mark Lowry","Aleena","F","10","Kirby","168.28036","paid","Waterloo-Cedar Falls, IA","350","Get Together With The Lord (The Best Of Mark Lowry - Volume 2 Version)","44"
"Beirut","Aleena","F","11","Kirby","230.19057","paid","Waterloo-Cedar Falls, IA","350","Nantes","44"
"MODESELEKTOR FEAT. PUPPETMASTAZ","Aleena","F","12","Kirby","52.79302","paid","Waterloo-Cedar Falls, IA","350","THE DARK SIDE OF THE FROG","44"
"Kid Cudi / Kanye West / Common","Aleena","F","13","Kirby","237.76608","paid","Waterloo-Cedar Falls, IA","350","Make Her Say","44"
"Julie Ruin","Aleena","F","14","Kirby","142.47138","paid","Waterloo-Cedar Falls, IA","350","Breakout A-Town","44"
"Sons And Daughters","Aleena","F","15","Kirby","165.90322","paid","Waterloo-Cedar Falls, IA","350","The Bell","44"
"Children 18:3","Aleena","F","16","Kirby","178.52036","paid","Waterloo-Cedar Falls, IA","350","Mock The Music","44"
"Chris Cagle","Aleena","F","17","Kirby","232.85506","paid","Waterloo-Cedar Falls, IA","350","Miss Me Baby","44"
"John Waite","Aleena","F","18","Kirby","269.76608","paid","Waterloo-Cedar Falls, IA","350","Missing You","44"
"Basshunter","Aleena","F","19","Kirby","223.32036","paid","Waterloo-Cedar Falls, IA","350","Walk On Water","44"
"Jay-Z / Lil Wayne","Aleena","F","20","Kirby","236.01587","paid","Waterloo-Cedar Falls, IA","350","Hello Brooklyn 2.0","44"
"Snow Patrol","Aleena","F","21","Kirby","273.6322","paid","Waterloo-Cedar Falls, IA","350","It's Beginning To Get To Me","44"
"Coldcut","Aleena","F","22","Kirby","203.07546","paid","Waterloo-Cedar Falls, IA","350","Autumn Leaves","44"
"Magic Dirt","Aleena","F","23","Kirby","251.79383","paid","Waterloo-Cedar Falls, IA","350","Plastic Loveless Letter","44"
"J. Karjalainen & Mustat Lasit","Aleena","F","24","Kirby","336.74404","paid","Waterloo-Cedar Falls, IA","350","Sinisten tÃÂ¤htien alla","44"
"OneRepublic","Aleena","F","25","Kirby","224.67873","paid","Waterloo-Cedar Falls, IA","350","Secrets","44"
"Nirvana","Aleena","F","26","Kirby","219.08853","paid","Waterloo-Cedar Falls, IA","350","Come As You Are","44"
"Joyce Cooling","Aleena","F","27","Kirby","248.11057","paid","Waterloo-Cedar Falls, IA","350","It's Time I Go (Jazz)","44"
"Beastie Boys","Aleena","F","28","Kirby","211.722","paid","Waterloo-Cedar Falls, IA","350","Unite (2009 Digital Remaster)","44"
"Usher Featuring Lil' Jon & Ludacris","Aleena","F","29","Kirby","250.38322","paid","Waterloo-Cedar Falls, IA","350","Yeah!","44"
"Nelly / Paul Wall / Ali & Gipp","Aleena","F","30","Kirby","272.50893","paid","Waterloo-Cedar Falls, IA","350","Grillz","44"
"The Audition","Aleena","F","31","Kirby","207.20281","paid","Waterloo-Cedar Falls, IA","350","The Running Man","44"
"Savage Garden","Aleena","F","32","Kirby","277.26322","paid","Waterloo-Cedar Falls, IA","350","Truly Madly Deeply","44"
"Adam Green","Aleena","F","33","Kirby","141.00853","paid","Waterloo-Cedar Falls, IA","350","Festival Song","44"
"Tom Petty","Aleena","F","34","Kirby","204.82567","paid","Waterloo-Cedar Falls, IA","350","Square One (Album Version)","44"
"Muse","Aleena","F","35","Kirby","209.34485","paid","Waterloo-Cedar Falls, IA","350","Supermassive Black Hole (Album Version)","44"
"The Gerbils","Jordan","F","0","Hicks","27.01016","free","Salinas, CA","304","(iii)","37"
"Robert Plant","Jordan","F","1","Hicks","265.66485","free","Salinas, CA","304","Dancing In Heaven (2006 Remastered LP Version)","37"
"Metallica","Jordan","F","2","Hicks","387.02975","free","Salinas, CA","304","Welcome Home (Sanitarium)","37"
"Infected Mushroom","Jordan","F","3","Hicks","506.51383","free","Salinas, CA","304","Deeply Disturbed","37"
"Eliza Doolittle","Jordan","F","4","Hicks","184.60689","free","Salinas, CA","304","Rollerblades","37"
"Alvin And The Chipmunks","Jordan","F","5","Hicks","162.63791","free","Salinas, CA","304","Ain't No Party","37"
"Chromeo","Jordan","F","6","Hicks","348.65587","free","Salinas, CA","304","You're So Gangsta","37"
"Keisha White","Kevin","M","0","Arellano","251.42812","free","Harrisburg-Carlisle, PA","387","Brother","66"
"Juanes","Kevin","M","1","Arellano","247.37914","free","Harrisburg-Carlisle, PA","387","Damelo","66"
"Karnivool","Ryan","M","0","Smith","470.80444","free","San Jose-Sunnyvale-Santa Clara, CA","445","Umbra","26"
"WES","Cecilia","F","0","Owens","221.57016","free","Atlanta-Sandy Springs-Roswell, GA","444","Alane","6"
"Asia 2001","Cecilia","F","1","Owens","150.30812","free","Atlanta-Sandy Springs-Roswell, GA","444","Epilogue","6"
"Spike Milligan","Samuel","M","0","Gonzalez","220.39465","free","Houston-The Woodlands-Sugar Land, TX","384","Nothing At All","61"
"Laura Izibor","Anabelle","F","0","Simpson","211.56526","free","Philadelphia-Camden-Wilmington, PA-NJ-DE-MD","378","Carousel (PSILY Album Version)","69"
"Ryan Adams","Braden","M","0","Parker","248.5024","free","Youngstown-Warren-Boardman, OH-PA","246","Wonderwall","74"
"Method Man","Adelyn","F","1","Jordan","204.64281","free","Chicago-Naperville-Elgin, IL-IN-WI","391","The Motto","7"
"The Stanley Brothers","Adelyn","F","2","Jordan","179.69587","free","Chicago-Naperville-Elgin, IL-IN-WI","391","I'm A Man Of Constant Sorrow","7"
"Dexter Freebish","Adelyn","F","3","Jordan","210.54649","free","Chicago-Naperville-Elgin, IL-IN-WI","391","Deeper","7"
"Jamiroquai","Jacob","M","0","Rogers","362.05669","free","San Diego-Carlsbad, CA","432","Talullah","18"
"Michael Cera & Ellen Page","Matthew","M","0","Jones","116.71465","paid","Janesville-Beloit, WI","439","Anyone Else But You","36"
"The Cat Empire","Matthew","M","1","Jones","218.22649","paid","Janesville-Beloit, WI","439","How To Explain","36"
"Bryn Terfel / Berliner Philharmoniker / Claudio Abbado","Matthew","M","2","Jones","967.36608","paid","Janesville-Beloit, WI","439","Wotan's Farewell & Magic Fire Music","36"
"The Fugees","Matthew","M","3","Jones","281.20771","paid","Janesville-Beloit, WI","439","Ready Or Not","36"
"Hardline","Matthew","M","4","Jones","234.73587","paid","Janesville-Beloit, WI","439","Everything","36"
"The Funky Lowlives","Matthew","M","5","Jones","280.34567","paid","Janesville-Beloit, WI","439","Sail Into the Sun","36"
"DL Incognito","Matthew","M","6","Jones","221.07383","paid","Janesville-Beloit, WI","439","Proof","36"
"Justice","Matthew","M","7","Jones","243.40853","paid","Janesville-Beloit, WI","439","TTHHEE PPAARRTTYY","36"
"Earth_ Wind & Fire","Theodore","M","1","Smith","178.20689","free","Houston-The Woodlands-Sugar Land, TX","447","Night Dreamin'","52"
"Strawbs","Matthew","M","8","Jones","255.81669","paid","Janesville-Beloit, WI","439","Sheep","36"
"Angus & Julia Stone","Matthew","M","9","Jones","172.85179","paid","Janesville-Beloit, WI","439","Wasted","36"
"Sara Bareilles","Matthew","M","10","Jones","260.8322","paid","Janesville-Beloit, WI","439","Love Song","36"
"Bruna Caram","Matthew","M","11","Jones","198.63465","paid","Janesville-Beloit, WI","439","Meus Sonhos","36"
"Nando Reis","Matthew","M","12","Jones","239.82975","paid","Janesville-Beloit, WI","439","O Segundo Sol","36"
"The Black Keys","Matthew","M","13","Jones","189.28281","paid","Janesville-Beloit, WI","439","Same Old Thing","36"
"Kreator","Matthew","M","14","Jones","294.53016","paid","Janesville-Beloit, WI","439","Riot Of Violence","36"
"Audioslave","Matthew","M","15","Jones","277.83791","paid","Janesville-Beloit, WI","439","Show Me How To Live","36"
"Red Hot Chili Peppers","Matthew","M","16","Jones","269.34812","paid","Janesville-Beloit, WI","439","Parallel Universe (Album Version)","36"
"Manu Chao","Matthew","M","17","Jones","288.15628","paid","Janesville-Beloit, WI","439","Me Quedo Contigo [Si Me Das A Elegir]","36"
"Barry Tuckwell/Academy of St Martin-in-the-Fields/Sir Neville Marriner","Matthew","M","18","Jones","277.15873","paid","Janesville-Beloit, WI","439","Horn Concerto No. 4 in E flat K495: II. Romance (Andante cantabile)","36"
"Ron Carter","Matthew","M","19","Jones","497.13587","paid","Janesville-Beloit, WI","439","I CAN'T GET STARTED","36"
"Lifehouse","Theodore","M","2","Harris","195.47383","free","Red Bluff, CA","440","You And Me (Wedding Version)","14"
"Yann Tiersen","Kaylee","F","0","Summers","158.71955","free","Phoenix-Mesa-Scottsdale, AZ","333","La Valse D'AmÃÂ©lie (Version Piano)","8"
"ISRAEL & NEW BREED","Kaylee","F","1","Summers","176.48281","free","Phoenix-Mesa-Scottsdale, AZ","333","Awesome Medley","8"
"Stellar Kart","Molly","F","1","Taylor","186.17424","free","St. Louis, MO-IL","396","Jesus Loves You (Album Version)","35"
"N.E.R.D. FEATURING MALICE","Jayden","M","0","Fox","288.9922","free","New Orleans-Metairie, LA","184","Am I High (Feat. Malice)","101"
"Death Cab for Cutie","Stefany","F","1","White","216.42404","free","Lubbock, TX","82","A Lack Of Color (Album Version)","83"
"Tracy Gang Pussy","Stefany","F","2","White","221.33506","free","Lubbock, TX","82","I Have A Wish","83"
"Skillet","Kevin","M","0","Arellano","178.02404","free","Harrisburg-Carlisle, PA","153","Monster (Album Version)","66"
"Dance Gavin Dance","Marina","F","0","Sutton","218.46159","free","Salinas, CA","47","Uneasy Hearts Weigh The Most","48"
"Dalto","Aiden","M","1","Hess","190.40608","free","La Crosse-Onalaska, WI-MN","170","Falta Te Dizer","86"
"Kanye West","Makinley","F","0","Jones","278.88281","free","Chicago-Naperville-Elgin, IL-IN-WI","118","Family Business","17"
"Jason Mraz & Colbie Caillat","Kevin","M","0","Arellano","189.6224","free","Harrisburg-Carlisle, PA","187","Lucky (Album Version)","66"
"Liz Callaway","Lily","F","0","Koch","175.43791","paid","Chicago-Naperville-Elgin, IL-IN-WI","172","Journey To The Past  (LP Version)","15"
"The Decemberists","Lily","F","1","Koch","242.59873","paid","Chicago-Naperville-Elgin, IL-IN-WI","172","Everything I Try to Do_ Nothing Seems to Turn Out Right","15"
"Christina Aguilera","Lily","F","2","Koch","254.48444","paid","Chicago-Naperville-Elgin, IL-IN-WI","172","Impossible","15"
"OneRepublic","Lily","F","3","Koch","224.67873","paid","Chicago-Naperville-Elgin, IL-IN-WI","172","Secrets","15"
"Cat Stevens","Kynnedi","F","1","Sanchez","200.202","free","Cedar Rapids, IA","88","Wild World","89"
"Brett Dennen","Lily","F","4","Koch","179.66975","paid","Chicago-Naperville-Elgin, IL-IN-WI","172","World Keeps Turning","15"
"Godsmack","Lily","F","5","Koch","208.24771","paid","Chicago-Naperville-Elgin, IL-IN-WI","172","Greed","15"
"Anis","Lily","F","6","Koch","246.59546","paid","Chicago-Naperville-Elgin, IL-IN-WI","172","Swing Javanaise","15"
"Tiziano Ferro","Lily","F","7","Koch","251.42812","paid","Chicago-Naperville-Elgin, IL-IN-WI","172","Ed Ero Contentissimo","15"
"Kylie Auldist","Lily","F","8","Koch","265.92608","paid","Chicago-Naperville-Elgin, IL-IN-WI","172","Ship Inside A Bottle","15"
"Benga","Lily","F","9","Koch","286.17098","paid","Chicago-Naperville-Elgin, IL-IN-WI","172","The Cut","15"
"T. Rex","Lily","F","10","Koch","132.85832","paid","Chicago-Naperville-Elgin, IL-IN-WI","172","Ride A White Swan","15"
"Mexican Institute of Sound","Lily","F","11","Koch","278.04689","paid","Chicago-Naperville-Elgin, IL-IN-WI","172","Mirando a Las Muchachas","15"
"Velour 100","Lily","F","12","Koch","202.29179","paid","Chicago-Naperville-Elgin, IL-IN-WI","172","Clouds (Of Color Bright Album Version)","15"
"Maria de Barros","Lily","F","13","Koch","276.29669","paid","Chicago-Naperville-Elgin, IL-IN-WI","172","Riberonzinha","15"
"Toby Keith","Lily","F","14","Koch","177.162","paid","Chicago-Naperville-Elgin, IL-IN-WI","172","Big Blue Note","15"
"Marques Houston","Lily","F","15","Koch","264.98567","paid","Chicago-Naperville-Elgin, IL-IN-WI","172","Naked","15"
"Commit Suicide","Lily","F","16","Koch","105.482","paid","Chicago-Naperville-Elgin, IL-IN-WI","172","In All This Revelation","15"
"Smile Empty Soul","Lily","F","17","Koch","218.61832","paid","Chicago-Naperville-Elgin, IL-IN-WI","172","Bottom of a Bottle (Explicit Album Version)","15"
"Amy Winehouse","Lily","F","18","Koch","221.1522","paid","Chicago-Naperville-Elgin, IL-IN-WI","172","Wake Up Alone","15"
"Eyehategod","Lily","F","19","Koch","155.66322","paid","Chicago-Naperville-Elgin, IL-IN-WI","172","Sisterfucker (part Ii)","15"
"Sunidhi Chauhan / Anu Malik / Jatin Sharma","Lily","F","20","Koch","319.32036","paid","Chicago-Naperville-Elgin, IL-IN-WI","172","Dekh Le","15"
"Blondie","Lily","F","21","Koch","127.73832","paid","Chicago-Naperville-Elgin, IL-IN-WI","172","Little Girl Lies (2001 Digital Remaster)","15"
"She & Him","Lily","F","23","Koch","167.83628","paid","Chicago-Naperville-Elgin, IL-IN-WI","172","Got Me","15"
"The Black Keys","Lily","F","24","Koch","294.76526","paid","Chicago-Naperville-Elgin, IL-IN-WI","172","The Lengths","15"
"Survivor","Lily","F","25","Koch","245.36771","paid","Chicago-Naperville-Elgin, IL-IN-WI","172","Eye Of The Tiger","15"
"Conya Doss","Lily","F","26","Koch","317.98812","paid","Chicago-Naperville-Elgin, IL-IN-WI","172","I Miss You","15"
"Disney Studio Chorus","Lily","F","28","Koch","234.84036","paid","Chicago-Naperville-Elgin, IL-IN-WI","172","Little April Shower","15"
"Dirty Projectors","Lily","F","29","Koch","319.63383","paid","Chicago-Naperville-Elgin, IL-IN-WI","172","Stillness Is The Move","15"
"Boom Bip","Lily","F","30","Koch","330.16118","paid","Chicago-Naperville-Elgin, IL-IN-WI","172","From Left To Right","15"
"Avantasia","Lily","F","31","Koch","368.97914","paid","Chicago-Naperville-Elgin, IL-IN-WI","172","Shelter From The Rain","15"
"Amon Amarth","Lily","F","32","Koch","312.29342","paid","Chicago-Naperville-Elgin, IL-IN-WI","172","North Sea Storm (Live)","15"
"Young Money featuring Lloyd","Lily","F","33","Koch","196.33587","paid","Chicago-Naperville-Elgin, IL-IN-WI","172","BedRock (Radio Edit) (feat.Lloyd)","15"
"Breakbeat Era","Lily","F","34","Koch","326.32118","paid","Chicago-Naperville-Elgin, IL-IN-WI","172","Anti-Everything","15"
"Local Natives","Lily","F","35","Koch","237.92281","paid","Chicago-Naperville-Elgin, IL-IN-WI","172","Airplanes","15"
"Gabriella Cilmi","Lily","F","36","Koch","207.38567","paid","Chicago-Naperville-Elgin, IL-IN-WI","172","Awkward Game","15"
"Minus The Bear","Tegan","F","1","Levine","219.76771","free","Portland-South Portland, ME","165","Knights","80"
"Calle 13 Featuring CafÃÂ© Tacuba","Lily","F","37","Koch","293.32853","paid","Chicago-Naperville-Elgin, IL-IN-WI","172","No Hay Nadie Como TÃÂº","15"
"Frumpies","Aleena","F","0","Kirby","134.47791","paid","Waterloo-Cedar Falls, IA","157","Fuck Kitty","44"
"D-12","Aleena","F","1","Kirby","261.40689","paid","Waterloo-Cedar Falls, IA","157","Barbershop","44"
"Emil Gilels/Orchestre de la SociÃÂ©tÃÂ© des Concerts du Conservatoire/AndrÃÂ© Cluytens","Tegan","F","2","Levine","375.19628","free","Portland-South Portland, ME","165","Piano Concerto No. 2 in G minor Op. 22 (2006 Digital Remaster): III.  Presto","80"
"Dragonette","Lily","F","38","Koch","246.49098","paid","Chicago-Naperville-Elgin, IL-IN-WI","172","Fixin to Thrill","15"
"Pennywise","Mohammad","M","0","Rodriguez","188.26404","free","Sacramento--Roseville--Arden-Arcade, CA","87","The Western World","88"
"Kanye West","Aleena","F","2","Kirby","238.52363","paid","Waterloo-Cedar Falls, IA","157","Flashing Lights","44"
"Flash And The Pan","Lily","F","39","Koch","224.65261","paid","Chicago-Naperville-Elgin, IL-IN-WI","172","Waiting for a Train [Single Mix]","15"
"Washed Out","Tegan","F","3","Levine","168.6722","free","Portland-South Portland, ME","165","New Theory","80"
"Katy Perry","Aleena","F","3","Kirby","179.40853","paid","Waterloo-Cedar Falls, IA","157","I Kissed A Girl","44"
"AFI","Lily","F","40","Koch","198.97424","paid","Chicago-Naperville-Elgin, IL-IN-WI","172","Miss Murder","15"
"Drake / Kanye West / Lil Wayne / Eminem","Aleena","F","4","Kirby","357.66812","paid","Waterloo-Cedar Falls, IA","157","Forever","44"
"The Crests","Lily","F","41","Koch","182.88281","paid","Chicago-Naperville-Elgin, IL-IN-WI","172","16 Candles","15"
"Nirvana","Lily","F","42","Koch","219.08853","paid","Chicago-Naperville-Elgin, IL-IN-WI","172","Come As You Are","15"
"Knights Of The Abyss","Aleena","F","5","Kirby","205.66159","paid","Waterloo-Cedar Falls, IA","157","Dragon Pie","44"
"Binary Star","Lily","F","43","Koch","300.19873","paid","Chicago-Naperville-Elgin, IL-IN-WI","172","Honest Expression","15"
"Nada Surf","Aleena","F","6","Kirby","181.08036","paid","Waterloo-Cedar Falls, IA","157","Whose Authority","44"
"Blank & Jones","Aleena","F","7","Kirby","310.15138","paid","Waterloo-Cedar Falls, IA","157","Beyond Time (Ambient Mix)","44"
"Carnifex","Lily","F","44","Koch","219.89832","paid","Chicago-Naperville-Elgin, IL-IN-WI","172","By Darkness Enslaved","15"
"Bono / Secret Machines","Lily","F","45","Koch","285.43955","paid","Chicago-Naperville-Elgin, IL-IN-WI","172","I Am The Walrus","15"
"Broadcast 2000","Aleena","F","8","Kirby","198.84363","paid","Waterloo-Cedar Falls, IA","157","The View","44"
"Pixies","Aleena","F","9","Kirby","229.3024","paid","Waterloo-Cedar Falls, IA","157","Where Is My Mind?","44"
"Kings Of Leon","Lily","F","46","Koch","242.99057","paid","Chicago-Naperville-Elgin, IL-IN-WI","172","Holy Roller Novocaine","15"
"Arctic Monkeys","Aleena","F","10","Kirby","221.85751","paid","Waterloo-Cedar Falls, IA","157","You Know I'm No Good","44"
"Alliance Ethnik","Lily","F","47","Koch","252.21179","paid","Chicago-Naperville-Elgin, IL-IN-WI","172","ReprÃÂ©sente","15"
"Apocalyptica","Chloe","F","0","Cuevas","409.86077","free","San Francisco-Oakland-Hayward, CA","179","Coma","49"
"Big Tymers","Aleena","F","11","Kirby","256.15628","paid","Waterloo-Cedar Falls, IA","157","Lil Mama","44"
"Pat Green","Lily","F","48","Koch","295.33995","paid","Chicago-Naperville-Elgin, IL-IN-WI","172","Whiskey","15"
"Daughtry","Aleena","F","12","Kirby","249.91302","paid","Waterloo-Cedar Falls, IA","157","No Surprise","44"
"Air","Chloe","F","1","Cuevas","212.21832","free","San Francisco-Oakland-Hayward, CA","179","Playground Love","49"
"Sam Cooke","Lily","F","49","Koch","122.04363","paid","Chicago-Naperville-Elgin, IL-IN-WI","172","Ain't Misbehavin","15"
"Live","Aleena","F","13","Kirby","203.28444","paid","Waterloo-Cedar Falls, IA","157","Deep Enough","44"
"Everclear","Lily","F","50","Koch","222.61506","paid","Chicago-Naperville-Elgin, IL-IN-WI","172","Summerland","15"
"Alison Krauss / Union Station","Aleena","F","14","Kirby","129.67138","paid","Waterloo-Cedar Falls, IA","157","Down To The River To Pray","44"
"The All-American Rejects","Lily","F","51","Koch","239.22893","paid","Chicago-Naperville-Elgin, IL-IN-WI","172","Move Along","15"
"Covenant","Aleena","F","15","Kirby","300.19873","paid","Waterloo-Cedar Falls, IA","157","XRDS","44"
"You Me At Six","Aiden","M","0","Hess","191.13751","free","La Crosse-Onalaska, WI-MN","189","Liquid Confidence","86"
"Motion City Soundtrack","Lily","F","52","Koch","206.34077","paid","Chicago-Naperville-Elgin, IL-IN-WI","172","Everything Is Alright (Album Version)","15"
"FM Static","Lily","F","53","Koch","169.84771","paid","Chicago-Naperville-Elgin, IL-IN-WI","172","Something To Believe In","15"
"Dave Gahan","Lily","F","54","Koch","272.92689","paid","Chicago-Naperville-Elgin, IL-IN-WI","172","Kingdom","15"
"Metallica","Lily","F","55","Koch","319.73832","paid","Chicago-Naperville-Elgin, IL-IN-WI","172","Mama Said","15"
"Dr. Hook","Lily","F","56","Koch","229.77261","paid","Chicago-Naperville-Elgin, IL-IN-WI","172","Sylvia's Mother","15"
"Gotan Project","Lily","F","57","Koch","321.30567","paid","Chicago-Naperville-Elgin, IL-IN-WI","172","Diferente","15"
"Carrie Underwood","Lily","F","58","Koch","221.3873","paid","Chicago-Naperville-Elgin, IL-IN-WI","172","Play On","15"
"Ut","Lily","F","59","Koch","313.86077","paid","Chicago-Naperville-Elgin, IL-IN-WI","172","I.D.","15"
"Lil Wayne / Eminem","Lily","F","60","Koch","229.58975","paid","Chicago-Naperville-Elgin, IL-IN-WI","172","Drop The World","15"
"Damage","Lily","F","61","Koch","263.18322","paid","Chicago-Naperville-Elgin, IL-IN-WI","172","For Your Pleasure","15"
"Rionegro / SolimÃÂµes","Lily","F","62","Koch","280.92036","paid","Chicago-Naperville-Elgin, IL-IN-WI","172","De SÃÂ£o Paulo ÃÂ BelÃÂ©m","15"
"Drive-By Truckers","Lily","F","63","Koch","246.22975","paid","Chicago-Naperville-Elgin, IL-IN-WI","172","Outfit","15"
"Tweet","Lily","F","64","Koch","256.39138","paid","Chicago-Naperville-Elgin, IL-IN-WI","172","Smoking Cigarettes (LP Version)","15"
"Ben Folds Five","Lily","F","65","Koch","207.882","paid","Chicago-Naperville-Elgin, IL-IN-WI","172","Steven's Last Night In Town","15"
"Glen Hansard","Lily","F","66","Koch","239.59465","paid","Chicago-Naperville-Elgin, IL-IN-WI","172","Lies","15"
"Chevelle","Adler","M","0","Barrera","389.85098","free","New York-Newark-Jersey City, NY-NJ-PA","174","Dos (LP Version)","100"
"Bill Withers","Lily","F","67","Koch","383.73832","paid","Chicago-Naperville-Elgin, IL-IN-WI","172","Make Love To Your Mind","15"
"Jorge Drexler","Adler","M","1","Barrera","272.14322","free","New York-Newark-Jersey City, NY-NJ-PA","174","Salvapantallas","100"
"Michael Bolton","Lily","F","68","Koch","255.65995","paid","Chicago-Naperville-Elgin, IL-IN-WI","172","How Am I Supposed To Live Without You","15"
"The Mercury Program","Adler","M","2","Barrera","449.12281","free","New York-Newark-Jersey City, NY-NJ-PA","174","Marianas","100"
"Duran Duran","Lily","F","69","Koch","321.88036","paid","Chicago-Naperville-Elgin, IL-IN-WI","172","The Seventh Stranger","15"
"Little Boots","Lily","F","70","Koch","195.94404","paid","Chicago-Naperville-Elgin, IL-IN-WI","172","Meddle","15"
"Johnossi","Lily","F","71","Koch","174.2624","paid","Chicago-Naperville-Elgin, IL-IN-WI","172","Glory Days To Come","15"
"BjÃÂ¶rk","Lily","F","72","Koch","348.57751","paid","Chicago-Naperville-Elgin, IL-IN-WI","172","Undo","15"
"Black Eyed Peas","Lily","F","73","Koch","226.37669","paid","Chicago-Naperville-Elgin, IL-IN-WI","172","Hey Mama","15"
"DecembeRadio","Lily","F","74","Koch","249.62567","paid","Chicago-Naperville-Elgin, IL-IN-WI","172","Find You Waiting","15"
"Bonobo","Lily","F","75","Koch","270.41914","paid","Chicago-Naperville-Elgin, IL-IN-WI","172","1009","15"
"Five Iron Frenzy","Tegan","F","1","Levine","236.09424","free","Portland-South Portland, ME","194","Canada","80"
"Morcheeba","Tegan","F","2","Levine","347.71546","free","Portland-South Portland, ME","194","The Sea","80"
"The Avett Brothers","Tegan","F","3","Levine","307.9571","free","Portland-South Portland, ME","194","All My Mistakes (US4BW0700133)","80"
"Dave Darell","Aiden","M","0","Hess","217.33832","free","La Crosse-Onalaska, WI-MN","197","Children","86"
"Priestess","Ryan","M","1","Smith","190.45832","free","San Jose-Sunnyvale-Santa Clara, CA","183","Talk To Her","26"
"Arcade Fire","Ryan","M","2","Smith","169.19465","free","San Jose-Sunnyvale-Santa Clara, CA","183","I'm Sleeping In A Submarine","26"
"Daft Punk","Ryan","M","3","Smith","211.69587","free","San Jose-Sunnyvale-Santa Clara, CA","183","Crescendolls","26"
"Nickel Creek","Ryan","M","4","Smith","255.13751","free","San Jose-Sunnyvale-Santa Clara, CA","183","When In Rome","26"
"Squeeze","Ryan","M","5","Smith","229.56363","free","San Jose-Sunnyvale-Santa Clara, CA","183","Footprints","26"
"Creedence Clearwater Revival","Samuel","M","0","Gonzalez","175.80363","free","Houston-The Woodlands-Sugar Land, TX","60","Sweet Hitch-Hiker","61"
"Kierra Sheard","Samuel","M","1","Gonzalez","299.02322","free","Houston-The Woodlands-Sugar Land, TX","60","Love Like Crazy (Extended Mix)","61"
"Greg Laswell","Mohammad","M","1","Rodriguez","251.08853","free","Sacramento--Roseville--Arden-Arcade, CA","193","Comes And Goes ( In Waves )","88"
"Pavement","Mohammad","M","3","Rodriguez","99.16036","free","Sacramento--Roseville--Arden-Arcade, CA","193","Mercy:The Laundromat","88"
"Sixx A.M.","Mohammad","M","4","Rodriguez","280.58077","free","Sacramento--Roseville--Arden-Arcade, CA","193","Courtesy Call (Explicit)","88"
"Leonard Cohen","Mohammad","M","5","Rodriguez","267.67628","free","Sacramento--Roseville--Arden-Arcade, CA","193","I'm Your Man","88"
"The Tallest Man On Earth","Joseph","M","0","Gutierrez","203.62404","free","Columbia, SC","167","The Wild Hunt","75"
"My Chemical Romance","Joseph","M","1","Gutierrez","161.90649","free","Columbia, SC","167","Teenagers (Album Version)","75"
"Wendy Rene","Joseph","M","2","Gutierrez","182.46485","free","Columbia, SC","167","After Laughter (Comes Tears) (LP Version)","75"
"Jack Johnson / Paula Fuga","Joseph","M","3","Gutierrez","178.33751","free","Columbia, SC","167","Country Road","75"
"Tub Ring","Joseph","M","4","Gutierrez","233.69098","free","Columbia, SC","167","Invalid","75"
"No Doubt","Mohammad","M","0","Rodriguez","44.93016","free","Sacramento--Roseville--Arden-Arcade, CA","205","BND","88"
"Katy Perry","Mohammad","M","1","Rodriguez","179.40853","free","Sacramento--Roseville--Arden-Arcade, CA","205","I Kissed A Girl","88"
"Neutral Milk Hotel","Joseph","M","5","Gutierrez","248.37179","free","Columbia, SC","167","Ghost","75"
"Dwight Yoakam","Ava","F","0","Robinson","239.3073","free","New Haven-Milford, CT","156","You're The One","50"
"Ella Fitzgerald","Joseph","M","6","Gutierrez","427.15383","free","Columbia, SC","167","On Green Dolphin Street (Medley) (1999 Digital Remaster)","75"
"Tony Rohr","Ava","F","1","Robinson","403.09506","free","New Haven-Milford, CT","156","Van Comp","50"
"Braid","Joseph","M","7","Gutierrez","222.74567","free","Columbia, SC","167","Divers","75"
"Fourmost","Joseph","M","8","Gutierrez","113.6322","free","Columbia, SC","167","Hello Little Girl","75"
"Catupecu Machu","Joseph","M","9","Gutierrez","212.32281","free","Columbia, SC","167","Hormigas","75"
"Creed","Joseph","M","10","Gutierrez","329.87383","free","Columbia, SC","167","Weathered","75"
"Ennio Morricone","Joseph","M","11","Gutierrez","215.01342","free","Columbia, SC","167","Chi Mai (El Profesional)","75"
"Down To The Bone","Sylvie","F","0","Cruz","333.76608","free","Washington-Arlington-Alexandria, DC-VA-MD-WV","182","Keep On Keepin' On","10"
"Three Drives","Sylvie","F","1","Cruz","411.6371","free","Washington-Arlington-Alexandria, DC-VA-MD-WV","182","Greece 2000","10"
"Sebastien Tellier","Sylvie","F","2","Cruz","377.73016","free","Washington-Arlington-Alexandria, DC-VA-MD-WV","182","Kilometer","10"
"Lonnie Gordon","Sylvie","F","3","Cruz","181.21098","free","Washington-Arlington-Alexandria, DC-VA-MD-WV","182","Catch You Baby (Steve Pitron & Max Sanna Radio Edit)","10"
"Charttraxx Karaoke","Ava","F","0","Robinson","225.17506","free","New Haven-Milford, CT","207","Fireflies","50"
"Ska-P","Ava","F","1","Robinson","220.21179","free","New Haven-Milford, CT","207","NiÃÂ±o Soldado","50"
"Dwight Yoakam","Ava","F","2","Robinson","239.3073","free","New Haven-Milford, CT","207","You're The One","50"
"Radiohead","Ayleen","F","0","Wise","130.82077","free","Columbia, SC","70","Pop Is Dead","71"
"Scouting for Girls","Ayleen","F","1","Wise","201.1424","free","Columbia, SC","70","The Mountains Of Navaho","71"
"Alliance Ethnik","Ayleen","F","2","Wise","195.94404","free","Columbia, SC","70","SinceritÃÂ© Et Jalousie","71"
"OutKast","Ayleen","F","3","Wise","227.52608","free","Columbia, SC","70","Ova Da Wudz","71"
"Bloodhound Gang","Kaleb","M","0","Cook","260.20526","free","Yuba City, CA","53","Uhn Tiss Uhn Tiss Uhn Tiss","54"
"Rammstein","Isaac","M","0","Valdez","228.46649","free","Saginaw, MI","112","Adios","3"
"Gershon Kingsley","Isaac","M","1","Valdez","146.57261","free","Saginaw, MI","112","Pop Corn","3"
"The Rakes","Isaac","M","2","Valdez","150.59546","free","Saginaw, MI","112","Strasbourg","3"
"Stephen Lynch","Jayden","M","0","Bell","182.85669","free","Dallas-Fort Worth-Arlington, TX","829","Jim Henson's Dead","91"
"Manowar","Jacob","M","0","Klein","247.562","paid","Tampa-St. Petersburg-Clearwater, FL","1049","Shell Shock","73"
"Morcheeba","Jacob","M","1","Klein","257.41016","paid","Tampa-St. Petersburg-Clearwater, FL","1049","Women Lose Weight (Feat: Slick Rick)","73"
"Maroon 5","Jacob","M","2","Klein","231.23546","paid","Tampa-St. Petersburg-Clearwater, FL","1049","Won't Go Home Without You","73"
"Train","Jacob","M","3","Klein","216.76363","paid","Tampa-St. Petersburg-Clearwater, FL","1049","Hey_ Soul Sister","73"
"LMFAO","Jacob","M","4","Klein","227.99628","paid","Tampa-St. Petersburg-Clearwater, FL","1049","I'm In Miami Bitch","73"
"DJ Dizzy","Jacob","M","5","Klein","221.1522","paid","Tampa-St. Petersburg-Clearwater, FL","1049","Sexy Bitch","73"
"Fish Go Deep & Tracey K","Jacob","M","6","Klein","377.41669","paid","Tampa-St. Petersburg-Clearwater, FL","1049","The Cure & The Cause (Dennis Ferrer Remix)","73"
"M83","Jacob","M","7","Klein","96.1824","paid","Tampa-St. Petersburg-Clearwater, FL","1049","Staring At Me","73"
"Saybia","Jacob","M","8","Klein","257.25342","paid","Tampa-St. Petersburg-Clearwater, FL","1049","The Second You Sleep","73"
"Local Natives","Jacob","M","9","Klein","266.05669","paid","Tampa-St. Petersburg-Clearwater, FL","1049","Wide Eyes","73"
"South Park","Jacob","M","10","Klein","112.97914","paid","Tampa-St. Petersburg-Clearwater, FL","1049","La Resistance (Medley) (LP Version)","73"
"UNKLE Feat. Josh Homme","Jacob","M","11","Klein","307.19955","paid","Tampa-St. Petersburg-Clearwater, FL","1049","Restless","73"
"Justyna Steczkowska","Jacob","M","12","Klein","333.53098","paid","Tampa-St. Petersburg-Clearwater, FL","1049","Noc...","73"
"Evanescence","Jacob","M","13","Klein","256.91383","paid","Tampa-St. Petersburg-Clearwater, FL","1049","Like You","73"
"Coldplay","Jacob","M","14","Klein","297.35138","paid","Tampa-St. Petersburg-Clearwater, FL","1049","God Put A Smile Upon Your Face","73"
"Hot Chip","Jacob","M","15","Klein","333.50485","paid","Tampa-St. Petersburg-Clearwater, FL","1049","Playboy","73"
"Ellie Goulding","Jacob","M","16","Klein","205.06077","paid","Tampa-St. Petersburg-Clearwater, FL","1049","Every Time You Go","73"
"Postal Service","Jacob","M","17","Klein","307.53914","paid","Tampa-St. Petersburg-Clearwater, FL","1049","Natural Anthem (Album)","73"
"Jack Johnson","Aiden","M","1","Hess","240.06485","free","La Crosse-Onalaska, WI-MN","986","Taylor","86"
"Iron And Wine","Aiden","M","2","Hess","153.05098","free","La Crosse-Onalaska, WI-MN","986","Naked As We Can","86"
"The xx","Aiden","M","3","Hess","158.24934","free","La Crosse-Onalaska, WI-MN","986","Fantasy","86"
"The Antlers","Aiden","M","4","Hess","328.88118","free","La Crosse-Onalaska, WI-MN","986","Epilogue","86"
"Fattburger","Aiden","M","5","Hess","217.20771","free","La Crosse-Onalaska, WI-MN","986","Groovin'","86"
"Chris Brown","Layla","F","2","Griffin","203.80689","paid","Lake Havasu City-Kingman, AZ","1051","Ain't No Way (You Won't Love Me)","24"
"Phoenix","Layla","F","3","Griffin","278.07302","paid","Lake Havasu City-Kingman, AZ","1051","Rome","24"
"Jim Lauderdale/Ralph Stanley & The Clinch Mountain Boys","Layla","F","5","Griffin","127.05914","paid","Lake Havasu City-Kingman, AZ","1051","Highway Through My Home","24"
"Musiq","Layla","F","7","Griffin","297.84771","paid","Lake Havasu City-Kingman, AZ","1051","143","24"
"Cass McCombs feat. Karen Black","Layla","F","8","Griffin","322.06322","paid","Lake Havasu City-Kingman, AZ","1051","Dreams-Come-True-Girl","24"
"Scissor Sisters","Layla","F","10","Griffin","352.522","paid","Lake Havasu City-Kingman, AZ","1051","I Don't Feel Like Dancin'","24"
"O.A.R.","Layla","F","11","Griffin","315.74159","paid","Lake Havasu City-Kingman, AZ","1051","Right On Time (Album Version)","24"
"1 Mile North","Ryan","M","0","Smith","352.73098","free","San Jose-Sunnyvale-Santa Clara, CA","1068","Black Lines","26"
"Muse","Layla","F","12","Griffin","304.84853","paid","Lake Havasu City-Kingman, AZ","1051","Uprising","24"
"USS (Ubiquitous Synergy Seeker)","Ryan","M","1","Smith","307.61751","free","San Jose-Sunnyvale-Santa Clara, CA","1068","Man Makes The Zoo","26"
"The Psychedelic Furs","Layla","F","13","Griffin","417.07057","paid","Lake Havasu City-Kingman, AZ","1051","Blacks/Radio","24"
"EsmÃÂ©e Denters / Justin Timberlake","Ryan","M","2","Smith","227.52608","free","San Jose-Sunnyvale-Santa Clara, CA","1068","Love Dealer (Featuring Justin Timberlake)","26"
"Alliance Ethnik","Layla","F","14","Griffin","252.21179","paid","Lake Havasu City-Kingman, AZ","1051","ReprÃÂ©sente","24"
"Train","Ryan","M","3","Smith","216.76363","free","San Jose-Sunnyvale-Santa Clara, CA","1068","Hey_ Soul Sister","26"
"Hoobastank","Layla","F","15","Griffin","202.57914","paid","Lake Havasu City-Kingman, AZ","1051","Up And Gone","24"
"Ismael Serrano","Layla","F","16","Griffin","179.35628","paid","Lake Havasu City-Kingman, AZ","1051","Te Conoci","24"
"The Pussycat Dolls / Snoop Dogg","Ryan","M","6","Smith","210.31138","free","San Jose-Sunnyvale-Santa Clara, CA","1068","Bottle Pop","26"
"Dierks Bentley","Layla","F","17","Griffin","198.63465","paid","Lake Havasu City-Kingman, AZ","1051","My Love Will Follow You","24"
"59 Times the Pain","Ryan","M","7","Smith","144.95302","free","San Jose-Sunnyvale-Santa Clara, CA","1068","Found Home","26"
"Linkin Park","Layla","F","18","Griffin","259.86567","paid","Lake Havasu City-Kingman, AZ","1051","My December","24"
"New Order","Ryan","M","8","Smith","288.05179","free","San Jose-Sunnyvale-Santa Clara, CA","1068","The Perfect Kiss","26"
"Madeleine Peyroux","Layla","F","19","Griffin","206.18404","paid","Lake Havasu City-Kingman, AZ","1051","You're Gonna Make Me Lonesome When You Go","24"
"Bow Wow feat. Chris Brown and JohntÃÂ¡ Austin","Ryan","M","9","Smith","268.06812","free","San Jose-Sunnyvale-Santa Clara, CA","1068","Shortie Like Mine","26"
"Symphony X","Ryan","M","10","Smith","389.45914","free","San Jose-Sunnyvale-Santa Clara, CA","1068","Domination","26"
"Minnie Riperton","Chloe","F","0","Cuevas","238.73261","paid","San Francisco-Oakland-Hayward, CA","1079","Inside My Love (Digitally Remastered 93)","49"
"Custom Blue","Chloe","F","1","Cuevas","346.51383","paid","San Francisco-Oakland-Hayward, CA","1079","Structure","49"
"Rage Against The Machine","Chloe","F","2","Cuevas","314.40934","paid","San Francisco-Oakland-Hayward, CA","1079","Killing In The Name","49"
"Milli Vanilli","Katherine","F","0","Gay","197.92934","free","San Antonio-New Braunfels, TX","1020","Girl You Know It's True","57"
"David Arkenstone","Chloe","F","3","Cuevas","363.41506","paid","San Francisco-Oakland-Hayward, CA","1079","Waterfall (Spirit Of The Rainforest Album Version)","49"
"Cosmo Vitelli","Chloe","F","4","Cuevas","206.05342","paid","San Francisco-Oakland-Hayward, CA","1079","Robot Soul (Radio Edit)","49"
"Morcheeba","Chloe","F","5","Cuevas","277.4722","paid","San Francisco-Oakland-Hayward, CA","1079","Blindfold","49"
"Jason Mraz","Chloe","F","6","Cuevas","243.48689","paid","San Francisco-Oakland-Hayward, CA","1079","I'm Yours (Album Version)","49"
"Deep Dish","Avery","F","2","Watkins","274.28526","paid","San Jose-Sunnyvale-Santa Clara, CA","884","Say Hello","30"
"Cutting Crew","Chloe","F","7","Cuevas","263.07873","paid","San Francisco-Oakland-Hayward, CA","1079","(I Just) Died In Your Arms","49"
"The Velvet Underground","Avery","F","3","Watkins","240.66567","paid","San Jose-Sunnyvale-Santa Clara, CA","884","Sweet Jane","30"
"Future Rock","Chloe","F","8","Cuevas","239.90812","paid","San Francisco-Oakland-Hayward, CA","1079","Gears","49"
"The White Stripes","Avery","F","4","Watkins","231.81016","paid","San Jose-Sunnyvale-Santa Clara, CA","884","Seven Nation Army (Album Version)","30"
"Coldplay","Chloe","F","9","Cuevas","294.1122","paid","San Francisco-Oakland-Hayward, CA","1079","Fix You","49"
"Portishead","Avery","F","5","Watkins","259.99628","paid","San Jose-Sunnyvale-Santa Clara, CA","884","It Could Be Sweet","30"
"Thelma Houston","Chloe","F","10","Cuevas","196.51873","paid","San Francisco-Oakland-Hayward, CA","1079","If This Was The Last Song","49"
"Chicane","Avery","F","6","Watkins","223.92118","paid","San Jose-Sunnyvale-Santa Clara, CA","884","Poppiholla","30"
"Metallica","Ryann","F","1","Smith","466.54649","free","Palestine, TX","1006","The Unforgiven III","92"
"Jennifer Lopez","Chloe","F","11","Cuevas","301.34812","paid","San Francisco-Oakland-Hayward, CA","1079","Apresurate","49"
"Box Car Racer","Avery","F","7","Watkins","196.93669","paid","San Jose-Sunnyvale-Santa Clara, CA","884","There Is","30"
"Robin Thicke","Avery","F","8","Watkins","216.68526","paid","San Jose-Sunnyvale-Santa Clara, CA","884","Would That Make U Love Me","30"
"Dashboard Confessional","Chloe","F","12","Cuevas","226.29832","paid","San Francisco-Oakland-Hayward, CA","1079","Screaming Infidelities","49"
"Radney Foster","Avery","F","9","Watkins","205.84444","paid","San Jose-Sunnyvale-Santa Clara, CA","884","Big Idea","30"
"La Roux","Chloe","F","13","Cuevas","205.60934","paid","San Francisco-Oakland-Hayward, CA","1079","Bulletproof","49"
"Wax Tailor","Avery","F","11","Watkins","177.68444","paid","San Jose-Sunnyvale-Santa Clara, CA","884","The Tune","30"
"Kings Of Leon","Chloe","F","14","Cuevas","300.56444","paid","San Francisco-Oakland-Hayward, CA","1079","Trani","49"
"Kix","Avery","F","12","Watkins","246.25587","paid","San Jose-Sunnyvale-Santa Clara, CA","884","Girl Money","30"
"Mother Love Bone","Chloe","F","15","Cuevas","495.72526","paid","San Francisco-Oakland-Hayward, CA","1079","Chloe Dancer/Crown Of Thorns","49"
"The Decemberists","Avery","F","13","Watkins","252.81261","paid","San Jose-Sunnyvale-Santa Clara, CA","884","The Bachelor and the Bride","30"
"Telefon Tel Aviv","Avery","F","14","Watkins","222.09261","paid","San Jose-Sunnyvale-Santa Clara, CA","884","M","30"
"B.o.B","Chloe","F","16","Cuevas","269.63546","paid","San Francisco-Oakland-Hayward, CA","1079","Nothin' On You [feat. Bruno Mars] (Album Version)","49"
"Amy Winehouse","Avery","F","15","Watkins","409.96526","paid","San Jose-Sunnyvale-Santa Clara, CA","884","You Sent Me Flying / Cherry","30"
"BEFORE THE DAWN","Chloe","F","17","Cuevas","195.65669","paid","San Francisco-Oakland-Hayward, CA","1079","Faithless","49"
"The Strokes","Avery","F","16","Watkins","187.34975","paid","San Jose-Sunnyvale-Santa Clara, CA","884","You Only Live Once","30"
"Animals As Leaders","Chloe","F","18","Cuevas","323.83955","paid","San Francisco-Oakland-Hayward, CA","1079","Tempting Time","49"
"Mazzy Star","Avery","F","17","Watkins","297.9522","paid","San Jose-Sunnyvale-Santa Clara, CA","884","Flowers In December","30"
"Cream","Chloe","F","19","Cuevas","185.44281","paid","San Francisco-Oakland-Hayward, CA","1079","Take It Back","49"
"MÃÂºm","Avery","F","18","Watkins","68.67546","paid","San Jose-Sunnyvale-Santa Clara, CA","884","Behind Two Hills&A Swimming Pool","30"
"3OH!3","Chloe","F","20","Cuevas","192.522","paid","San Francisco-Oakland-Hayward, CA","1079","My First Kiss (Feat. Ke$ha) [Album Version]","49"
"N.W.A.","Avery","F","19","Watkins","266.26567","paid","San Jose-Sunnyvale-Santa Clara, CA","884","Straight Outta Compton (Extended Mix) (Edit) (Explicit)","30"
"Dan Auerbach","Chloe","F","21","Cuevas","296.95955","paid","San Francisco-Oakland-Hayward, CA","1079","Goin' Home","49"
"Lagwagon","Avery","F","20","Watkins","173.322","paid","San Jose-Sunnyvale-Santa Clara, CA","884","Sick","30"
"Coldplay","Chloe","F","22","Cuevas","294.1122","paid","San Francisco-Oakland-Hayward, CA","1079","Fix You","49"
"John Mayer","Chloe","F","23","Cuevas","250.38322","paid","San Francisco-Oakland-Hayward, CA","1079","Half Of My Heart","49"
"Kings Of Leon","Chloe","F","24","Cuevas","201.79546","paid","San Francisco-Oakland-Hayward, CA","1079","Revelry","49"
"Ashbury Heights","Chloe","F","25","Cuevas","198.60853","paid","San Francisco-Oakland-Hayward, CA","1079","World Coming Down","49"
"Scooter","Chloe","F","26","Cuevas","213.02812","paid","San Francisco-Oakland-Hayward, CA","1079","Fire","49"
"Boy Kill Boy","Chloe","F","27","Cuevas","220.47302","paid","San Francisco-Oakland-Hayward, CA","1079","Shoot Me Down","49"
"Eric B. & Rakim","Chloe","F","28","Cuevas","241.60608","paid","San Francisco-Oakland-Hayward, CA","1079","Juice (Know The Ledge)","49"
"Josh Groban","Chloe","F","29","Cuevas","243.40853","paid","San Francisco-Oakland-Hayward, CA","1079","Hymne A L'Amour (Album Version)","49"
"Bad Religion","Chloe","F","30","Cuevas","131.86567","paid","San Francisco-Oakland-Hayward, CA","1079","We're Only Gonna Die (Album Version)","49"
"Tempa T","Chloe","F","31","Cuevas","236.35546","paid","San Francisco-Oakland-Hayward, CA","1079","Next Hype","49"
"Charttraxx Karaoke","Chloe","F","32","Cuevas","225.17506","paid","San Francisco-Oakland-Hayward, CA","1079","Fireflies","49"
"Eagles","Chloe","F","33","Cuevas","372.29669","paid","San Francisco-Oakland-Hayward, CA","1079","Hotel California","49"
"Eric Clapton","Chloe","F","34","Cuevas","409.57342","paid","San Francisco-Oakland-Hayward, CA","1079","Little Wing","49"
"Spineshank","Chloe","F","35","Cuevas","187.6371","paid","San Francisco-Oakland-Hayward, CA","1079","Smothered (Album Version)","49"
"Kaiser Chiefs","Chloe","F","36","Cuevas","221.07383","paid","San Francisco-Oakland-Hayward, CA","1079","Try Your Best","49"
"Dominique A","Chloe","F","37","Cuevas","153.20771","paid","San Francisco-Oakland-Hayward, CA","1079","Le Courage Des Oiseaux","49"
"Kill Hannah","Chloe","F","38","Cuevas","224.49587","paid","San Francisco-Oakland-Hayward, CA","1079","Lips Like Morphine (Album Version)","49"
"I:gor","Chloe","F","39","Cuevas","190.27546","paid","San Francisco-Oakland-Hayward, CA","1079","Kiedys zrozumiesz","49"
"The All-American Rejects","Braden","M","0","Parker","206.96771","free","Youngstown-Warren-Boardman, OH-PA","1082","Fallin' Apart","74"
"Guns N' Roses","Chloe","F","40","Cuevas","284.05506","paid","San Francisco-Oakland-Hayward, CA","1079","Don't Cry (Original)","49"
"White Denim","Chloe","F","41","Cuevas","148.55791","paid","San Francisco-Oakland-Hayward, CA","1079","Transparency","49"
"El Canto del Loco","Chloe","F","42","Cuevas","226.0371","paid","San Francisco-Oakland-Hayward, CA","1079","La Suerte De Mi Vida","49"
"Grinderswitch","Chloe","F","43","Cuevas","268.2771","paid","San Francisco-Oakland-Hayward, CA","1079","Redwing","49"
"Donovan","Chloe","F","44","Cuevas","169.22077","paid","San Francisco-Oakland-Hayward, CA","1079","Starfish-On-The-Toast (2008 Digital Remaster)","49"
"As I Lay Dying","Chloe","F","45","Cuevas","348.1073","paid","San Francisco-Oakland-Hayward, CA","1079","Illusions","49"
"matchbox twenty","Mohammad","M","3","Rodriguez","241.34485","paid","Sacramento--Roseville--Arden-Arcade, CA","1075","Bright Lights (Remastered Version)","88"
"Kinky","Mohammad","M","4","Rodriguez","105.32526","paid","Sacramento--Roseville--Arden-Arcade, CA","1075","Field Goal","88"
"Shania Twain","Mohammad","M","5","Rodriguez","250.51383","paid","Sacramento--Roseville--Arden-Arcade, CA","1075","Nah!","88"
"Hinder","Mohammad","M","6","Rodriguez","231.73179","paid","Sacramento--Roseville--Arden-Arcade, CA","1075","By The Way","88"
"The Spencer Davis Group","Mohammad","M","7","Rodriguez","165.27628","paid","Sacramento--Roseville--Arden-Arcade, CA","1075","Keep On Running","88"
"SOJA","Mohammad","M","8","Rodriguez","355.89179","paid","Sacramento--Roseville--Arden-Arcade, CA","1075","I Dont Wanna Wait","88"
"Infected Mushroom","Mohammad","M","9","Rodriguez","463.72526","paid","Sacramento--Roseville--Arden-Arcade, CA","1075","Echonomix","88"
"Unkle Bob","Mohammad","M","10","Rodriguez","160.10404","paid","Sacramento--Roseville--Arden-Arcade, CA","1075","One By One","88"
"Alex Ubago","Matthew","M","1","Jones","313.28608","paid","Janesville-Beloit, WI","998","Sin Miedo a Nada (con Amaia Montero)","36"
"The Twilight Singers","Matthew","M","2","Jones","286.53669","paid","Janesville-Beloit, WI","998","Bonnie Brae","36"
"Chikita Violenta","Matthew","M","3","Jones","255.92118","paid","Janesville-Beloit, WI","998","War","36"
"Cat Stevens","Matthew","M","4","Jones","225.17506","paid","Janesville-Beloit, WI","998","Sad Lisa","36"
"Kenny Garrett","Matthew","M","5","Jones","265.19465","paid","Janesville-Beloit, WI","998","The House That Nat Built (Album Version)","36"
"You Me At Six","Matthew","M","6","Jones","216.68526","paid","Janesville-Beloit, WI","998","Jealous Minds Think Alike","36"
"Nellie Lutcher","Matthew","M","7","Jones","195.70893","paid","Janesville-Beloit, WI","998","My Mother's Eyes","36"
"Kid Cudi / Kanye West / Common","Matthew","M","8","Jones","237.76608","paid","Janesville-Beloit, WI","998","Make Her Say","36"
"Tiro De Gracia","Matthew","M","9","Jones","214.83057","paid","Janesville-Beloit, WI","998","Viaje Sin Rumbo (2004 Digital Remaster)","36"
"polarkreis 18","Matthew","M","10","Jones","265.29914","paid","Janesville-Beloit, WI","998","Dreamdancer","36"
"+ / - {Plus/Minus}","Matthew","M","11","Jones","318.98077","paid","Janesville-Beloit, WI","998","The Queen of Nothing","36"
"Dr Feelgood","Ryann","F","0","Smith","216.13669","free","Palestine, TX","1092","Riot In Cell Block Number Nine","92"
"Harmonia","Matthew","M","12","Jones","655.77751","paid","Janesville-Beloit, WI","998","Sehr kosmisch","36"
"Chimaira","Ryann","F","1","Smith","377.36444","free","Palestine, TX","1092","Everything You Love (Album Version)","92"
"Joshua Radin","Ryann","F","2","Smith","211.27791","free","Palestine, TX","1092","Someone Else's Life","92"
"Bajaga & Instruktori","Ryann","F","3","Smith","254.95465","free","Palestine, TX","1092","Godine prolaze","92"
"The Virgins","Matthew","M","13","Jones","169.37751","paid","Janesville-Beloit, WI","998","Private Affair (Amended Album Version)","36"
"SA Rawls / Still Flyin' / Still Flyin'","Matthew","M","14","Jones","183.09179","paid","Janesville-Beloit, WI","998","Ginko Biloba","36"
"Grown Ups","Matthew","M","15","Jones","233.42975","paid","Janesville-Beloit, WI","998","Three Day Weekend","36"
"Nancy Ajram","Matthew","M","16","Jones","221.67465","paid","Janesville-Beloit, WI","998","Meen Dah Elly Nseik","36"
"The Donkeys","Matthew","M","17","Jones","272.19546","paid","Janesville-Beloit, WI","998","Boot On The Seat","36"
"Datarock","Matthew","M","18","Jones","228.49261","paid","Janesville-Beloit, WI","998","FaFaFa (Radio Edit)","36"
"Daft Punk","Matthew","M","19","Jones","319.42485","paid","Janesville-Beloit, WI","998","Human After All","36"
"Justin Bieber","Matthew","M","21","Jones","220.89098","paid","Janesville-Beloit, WI","998","Somebody To Love","36"
"Beach House","Matthew","M","22","Jones","320.44363","paid","Janesville-Beloit, WI","998","Real Love","36"
"The Walkmen","Matthew","M","23","Jones","199.36608","paid","Janesville-Beloit, WI","998","Subterranean Homesick Blues (Album Version)","36"
"Busted / Charlie Simpson / Mattie Jay / James Bourne","Matthew","M","24","Jones","252.83873","paid","Janesville-Beloit, WI","998","Can't Break Thru","36"
"BeyoncÃÂ©","Austin","M","0","Rosales","374.59546","free","New York-Newark-Jersey City, NY-NJ-PA","1078","Get Me Bodied","12"
"Sick Puppies","Chloe","F","1","Cuevas","209.44934","paid","San Francisco-Oakland-Hayward, CA","1096","Maybe","49"
"U2","Chloe","F","2","Cuevas","289.2273","paid","San Francisco-Oakland-Hayward, CA","1096","Walk To The Water","49"
"Ron Carter","Chloe","F","3","Cuevas","497.13587","paid","San Francisco-Oakland-Hayward, CA","1096","I CAN'T GET STARTED","49"
"Duran Duran","Chloe","F","4","Cuevas","297.63873","paid","San Francisco-Oakland-Hayward, CA","1096","Breath After Breath","49"
"Tears For Fears","Chloe","F","5","Cuevas","255.34649","paid","San Francisco-Oakland-Hayward, CA","1096","Head Over Heels","49"
"Foo Fighters","Chloe","F","6","Cuevas","277.10649","paid","San Francisco-Oakland-Hayward, CA","1096","Lonely As You","49"
"Yellowcard","Samuel","M","1","Gonzalez","208.79628","free","Houston-The Woodlands-Sugar Land, TX","1064","One Year_ Six Months","61"
"Big Tymers","Chloe","F","7","Cuevas","252.05506","paid","San Francisco-Oakland-Hayward, CA","1096","Against The Wall","49"
"Enigma","Chloe","F","9","Cuevas","262.71302","paid","San Francisco-Oakland-Hayward, CA","1096","Knocking On Forbidden Doors","49"
"Dennis Ferrer","Chloe","F","10","Cuevas","209.162","paid","San Francisco-Oakland-Hayward, CA","1096","Hey Hey","49"
"Justin Bieber","Chloe","F","11","Cuevas","220.89098","paid","San Francisco-Oakland-Hayward, CA","1096","Somebody To Love","49"
"Markus KrunegÃÂ¥rd","Chloe","F","12","Cuevas","185.5473","paid","San Francisco-Oakland-Hayward, CA","1096","Genom tunna tyger","49"
"Linkin Park","Chloe","F","13","Cuevas","439.562","paid","San Francisco-Oakland-Hayward, CA","1096","The Little Things Give You Away [Live At Milton Keynes]","49"
"Jamie Cullum","Jahiem","M","0","Miles","204.25098","free","San Antonio-New Braunfels, TX","618","Devil May Care","43"
"Every Avenue","Chloe","F","15","Cuevas","219.95057","paid","San Francisco-Oakland-Hayward, CA","1096","Tell Me I'm A Wreck","49"
"Jack Johnson","Chloe","F","16","Cuevas","201.63873","paid","San Francisco-Oakland-Hayward, CA","1096","Constellations","49"
"Shakira","Chloe","F","17","Cuevas","233.87383","paid","San Francisco-Oakland-Hayward, CA","1096","Vuelve","49"
"The Maine","Chloe","F","18","Cuevas","189.59628","paid","San Francisco-Oakland-Hayward, CA","1096","Give Me Anything","49"
"Cannibal Corpse","Chloe","F","19","Cuevas","209.00526","paid","San Francisco-Oakland-Hayward, CA","1096","Worm Infested","49"
"Arcade Fire","Kinsley","F","3","Young","267.80689","paid","Red Bluff, CA","977","Headlights Look Like Diamonds","85"
"Black Eyed Peas","Chloe","F","20","Cuevas","215.7971","paid","San Francisco-Oakland-Hayward, CA","1096","Hands Up","49"
"Radney Foster","Kinsley","F","4","Young","288.96608","paid","Red Bluff, CA","977","Sweet And Wild","85"
"Metric","Chloe","F","21","Cuevas","222.85016","paid","San Francisco-Oakland-Hayward, CA","1096","Satellite Mind","49"
"Dwight Yoakam","Chloe","F","22","Cuevas","239.3073","paid","San Francisco-Oakland-Hayward, CA","1096","You're The One","49"
"Jason Mraz","Kinsley","F","5","Young","266.63138","paid","Red Bluff, CA","977","Did You Get My Message? (Live From Montalvo)","85"
"Kutt Calhoun","Chloe","F","23","Cuevas","307.51302","paid","San Francisco-Oakland-Hayward, CA","1096","N A Whitemanzeyez","49"
"Radiohead","Kinsley","F","6","Young","261.45914","paid","Red Bluff, CA","977","Karma Police","85"
"Molotov","Ava","F","0","Robinson","127.37261","free","New Haven-Milford, CT","1050","Puto","50"
"The Strokes","Ava","F","1","Robinson","230.1122","free","New Haven-Milford, CT","1050","Killing Lies","50"
"Rufus Wainwright","Ryan","M","0","Smith","249.62567","free","San Jose-Sunnyvale-Santa Clara, CA","1090","Hallelujah","26"
"Deadmau5","Kinsley","F","7","Young","374.20363","paid","Red Bluff, CA","977","Ghosts 'n' Stuff (Original Instrumental Mix)","85"
"John Farnham","Chloe","F","24","Cuevas","300.72118","paid","San Francisco-Oakland-Hayward, CA","1096","You're The Voice","49"
"Infant Sorrow","Ava","F","2","Robinson","170.16118","free","New Haven-Milford, CT","1050","Inside Of You","50"
"Betty Wright","Ryan","M","1","Smith","164.85832","free","San Jose-Sunnyvale-Santa Clara, CA","1090","Clean Up Woman (Single/LP Version)","26"
"Guus Meeuwis","Chloe","F","25","Cuevas","198.42567","paid","San Francisco-Oakland-Hayward, CA","1096","Tranen Gelachen","49"
"Muse","Kinsley","F","8","Young","209.00526","paid","Red Bluff, CA","977","The Small Print","85"
"Estrella Morente","Chloe","F","26","Cuevas","135.70567","paid","San Francisco-Oakland-Hayward, CA","1096","A QuÃÂ© Niegas El Delirio (MalagueÃÂ±a) (Live)","49"
"Dr. Alban","Kinsley","F","9","Young","240.14322","paid","Red Bluff, CA","977","It's My Life (Radio Edit)","85"
"Radiohead","Chloe","F","27","Cuevas","260.0224","paid","San Francisco-Oakland-Hayward, CA","1096","Sit Down. Stand Up","49"
"Mondo Marcio","Kinsley","F","10","Young","263.60118","paid","Red Bluff, CA","977","Purple Weed","85"
"Mae","Chloe","F","28","Cuevas","309.15873","paid","San Francisco-Oakland-Hayward, CA","1096","Someone Else's Arms","49"
"Meat Loaf / Jennifer Hudson","Kinsley","F","11","Young","474.01751","paid","Red Bluff, CA","977","The Future Ain't What It Used To Be","85"
"Vampire Weekend","Chloe","F","29","Cuevas","137.82159","paid","San Francisco-Oakland-Hayward, CA","1096","A-Punk (Album)","49"
"MGMT","Chloe","F","30","Cuevas","264.17587","paid","San Francisco-Oakland-Hayward, CA","1096","Time To Pretend","49"
"Federico Aubele","Kinsley","F","12","Young","213.65506","paid","Red Bluff, CA","977","Luna y Sol","85"
"Jesse Rose","Chloe","F","31","Cuevas","313.15546","paid","San Francisco-Oakland-Hayward, CA","1096","Touch My Horn","49"
"Orion","Kinsley","F","13","Young","292.70159","paid","Red Bluff, CA","977","Eternity","85"
"Circa Survive","Chloe","F","32","Cuevas","298.70975","paid","San Francisco-Oakland-Hayward, CA","1096","Dyed in the Wool (Album Version)","49"
"Wretch 32_ Vis","Jayden","M","0","Fox","243.35628","free","New Orleans-Metairie, LA","1060","Wretchrospective (feat. Vis)","101"
"Simian Mobile Disco","Kinsley","F","18","Young","354.61179","paid","Red Bluff, CA","977","Simple","85"
"ErdmÃÂ¶bel","Jayden","M","1","Fox","289.25342","free","New Orleans-Metairie, LA","1060","Riecht wie Teen Spirit (Smells Like Teen Spirit)","101"
"Eisbrecher","Chloe","F","33","Cuevas","241.89342","paid","San Francisco-Oakland-Hayward, CA","1096","Adrenalin","49"
"Ryan Bingham","Rylan","M","0","George","247.30077","paid","Birmingham-Hoover, AL","1076","Bread & Water","16"
"Ashanti","Kinsley","F","19","Young","282.46159","paid","Red Bluff, CA","977","VooDoo","85"
"Barry Tuckwell/Academy of St Martin-in-the-Fields/Sir Neville Marriner","Chloe","F","34","Cuevas","277.15873","paid","San Francisco-Oakland-Hayward, CA","1096","Horn Concerto No. 4 in E flat K495: II. Romance (Andante cantabile)","49"
"Clint Eastwood","Jayden","M","2","Fox","65.25342","free","New Orleans-Metairie, LA","1060","Frankie's Office","101"
"Charttraxx Karaoke","Jayden","M","3","Fox","225.17506","free","New Orleans-Metairie, LA","1060","Fireflies","101"
"Jason Mraz","Rylan","M","1","George","264.69832","paid","Birmingham-Hoover, AL","1076","Summer Breeze","16"
"The B-52's","Kinsley","F","20","Young","321.54077","paid","Red Bluff, CA","977","Love Shack","85"
"Aventura","Jayden","M","4","Fox","242.1024","free","New Orleans-Metairie, LA","1060","Alexandra","101"
"Five Iron Frenzy","Rylan","M","2","George","236.09424","paid","Birmingham-Hoover, AL","1076","Canada","16"
"12 Stones","Jayden","M","5","Fox","184.0322","free","New Orleans-Metairie, LA","1060","Anthem For The Underdog","101"
"Kings Of Leon","Kinsley","F","21","Young","201.79546","paid","Red Bluff, CA","977","Revelry","85"
"Brooklyn Bounce","Rylan","M","3","George","359.13098","paid","Birmingham-Hoover, AL","1076","Get Ready To Bounce Recall 08","16"
"Dashboard Confessional","Kinsley","F","22","Young","147.30404","paid","Red Bluff, CA","977","The Good Fight","85"
"Lonnie Johnson","Kinsley","F","23","Young","194.55955","paid","Red Bluff, CA","977","Low Land Moan","85"
"Leggo Beast","Mohammad","M","2","Rodriguez","376.58077","paid","Sacramento--Roseville--Arden-Arcade, CA","1097","In","88"
"The Pussycat Dolls","Rylan","M","4","George","190.95465","paid","Birmingham-Hoover, AL","1076","Sway","16"
"Stereophonics","Kinsley","F","24","Young","290.53342","paid","Red Bluff, CA","977","I Miss You Now","85"
"The Beautiful South","Rylan","M","5","George","236.5122","paid","Birmingham-Hoover, AL","1076","Masculine Eclipse","16"
"The Acacia Strain","Mohammad","M","3","Rodriguez","194.21995","paid","Sacramento--Roseville--Arden-Arcade, CA","1097","As If Set Afire","88"
"ATB","Kinsley","F","25","Young","251.48036","paid","Red Bluff, CA","977","Underwater World","85"
"The Robert Cray Band","Rylan","M","6","George","309.52444","paid","Birmingham-Hoover, AL","1076","Our Last Time","16"
"Enigma","Mohammad","M","4","Rodriguez","242.78159","paid","Sacramento--Roseville--Arden-Arcade, CA","1097","T.N.T. For The Brain (112 Bpm) (Radio Edit)","88"
"Amon Amarth","Kinsley","F","26","Young","268.2771","paid","Red Bluff, CA","977","Tattered Banners And Bloody Flags","85"
"We Are Scientists","Rylan","M","7","George","198.89587","paid","Birmingham-Hoover, AL","1076","The Great Escape (Album Version) (Explicit)","16"
"Roberto Murolo","Matthew","M","0","Jones","188.02893","paid","Janesville-Beloit, WI","1100","Lacreme napulitane","36"
"Ashlee Simpson","Mohammad","M","5","Rodriguez","214.43873","paid","Sacramento--Roseville--Arden-Arcade, CA","1097","Autobiography","88"
"Metallica","Kinsley","F","27","Young","152.60689","paid","Red Bluff, CA","977","The Ecstasy Of Gold","85"
"3 Doors Down","Rylan","M","8","George","233.74322","paid","Birmingham-Hoover, AL","1076","Kryptonite","16"
"Hazell Dean","Matthew","M","1","Jones","367.98649","paid","Janesville-Beloit, WI","1100","No Fool (For Love)","36"
"Apocalyptica","Kinsley","F","28","Young","262.5824","paid","Red Bluff, CA","977","Pray","85"
"Jack Johnson","Rylan","M","9","George","236.93016","paid","Birmingham-Hoover, AL","1076","Bubble Toes","16"
"Cage The Elephant","Kinsley","F","29","Young","196.38812","paid","Red Bluff, CA","977","Lotus","85"
"Taylor Swift","Matthew","M","2","Jones","230.47791","paid","Janesville-Beloit, WI","1100","You Belong With Me","36"
"Soul For Real","Rylan","M","10","George","271.25506","paid","Birmingham-Hoover, AL","1076","Candy Rain","16"
"The Prodigy","Kinsley","F","30","Young","225.09669","paid","Red Bluff, CA","977","Firestarter","85"
"Amy Winehouse","Matthew","M","3","Jones","165.11955","paid","Janesville-Beloit, WI","1100","Addicted","36"
"Iron Maiden","Rylan","M","11","George","275.19955","paid","Birmingham-Hoover, AL","1076","The Evil That Men Do (1998 Digital Remaster)","16"
"David Crowder*Band","Kinsley","F","31","Young","276.74077","paid","Red Bluff, CA","977","All Around Me","85"
"The Cinematic Orchestra","Rylan","M","12","George","622.2624","paid","Birmingham-Hoover, AL","1076","Everyday","16"
"Three 6 Mafia vs. TiÃÂ«sto with Sean Kingston and Flo Rida","Kinsley","F","32","Young","241.05751","paid","Red Bluff, CA","977","Feel It","85"
"Sugababes","Kinsley","F","33","Young","275.93098","paid","Red Bluff, CA","977","Overload","85"
"Gyptian","Rylan","M","13","George","233.09016","paid","Birmingham-Hoover, AL","1076","Hold You","16"
"Zion / Akon","Rylan","M","14","George","233.19465","paid","Birmingham-Hoover, AL","1076","The Way She Moves","16"
"Transvision Vamp","Rylan","M","15","George","209.91955","paid","Birmingham-Hoover, AL","1076","I Want Your Love","16"
"Ry Cooder","Chloe","F","37","Cuevas","201.56036","paid","San Francisco-Oakland-Hayward, CA","1096","Corrido de Boxeo","49"
"The Pussycat Dolls","Rylan","M","16","George","245.18485","paid","Birmingham-Hoover, AL","1076","When I Grow Up","16"
"Coldplay","Chloe","F","38","Cuevas","268.30322","paid","San Francisco-Oakland-Hayward, CA","1096","Yellow","49"
"Forever The Sickest Kids","Rylan","M","17","George","169.482","paid","Birmingham-Hoover, AL","1076","She Likes (Bittersweet Love)","16"
"Lil Wayne / Blaque / Mannie Fresh","Chloe","F","39","Cuevas","255.34649","paid","San Francisco-Oakland-Hayward, CA","1096","Believe That","49"
"Dragonforce","Rylan","M","18","George","441.02485","paid","Birmingham-Hoover, AL","1076","Through The Fire And Flames (Album Version)","16"
"Jason Mraz & Colbie Caillat","Chloe","F","40","Cuevas","189.6224","paid","San Francisco-Oakland-Hayward, CA","1096","Lucky (Album Version)","49"
"Pixies","Chloe","F","41","Cuevas","181.13261","paid","San Francisco-Oakland-Hayward, CA","1096","Is She Weird","49"
"Eminem","Rylan","M","19","George","251.55873","paid","Birmingham-Hoover, AL","1076","Without Me","16"
"Buju Banton","Chloe","F","42","Cuevas","232.48934","paid","San Francisco-Oakland-Hayward, CA","1096","Cry No More","49"
"Cage The Elephant","Rylan","M","20","George","196.38812","paid","Birmingham-Hoover, AL","1076","Lotus","16"
"Barry Tuckwell/Academy of St Martin-in-the-Fields/Sir Neville Marriner","Chloe","F","43","Cuevas","277.15873","paid","San Francisco-Oakland-Hayward, CA","1096","Horn Concerto No. 4 in E flat K495: II. Romance (Andante cantabile)","49"
"Ste Strausz","Rylan","M","21","George","285.36118","paid","Birmingham-Hoover, AL","1076","Le Million","16"
"Coldplay","Chloe","F","44","Cuevas","228.62322","paid","San Francisco-Oakland-Hayward, CA","1096","Only Superstition","49"
"Joe Christmas","Chloe","F","0","Roth","185.7824","free","Indianapolis-Carmel-Anderson, IN","1059","Bedroom Suite","78"
"Bright Eyes","Rylan","M","22","George","313.23383","paid","Birmingham-Hoover, AL","1076","A New Arrangement","16"
"Paramore","Chloe","F","1","Roth","267.65016","free","Indianapolis-Carmel-Anderson, IN","1059","The Only Exception (Album Version)","78"
"J. Karjalainen & Mustat Lasit","Chloe","F","45","Cuevas","336.74404","paid","San Francisco-Oakland-Hayward, CA","1096","Sinisten tÃÂ¤htien alla","49"
"Philip Glass","Rylan","M","23","George","368.40444","paid","Birmingham-Hoover, AL","1076","Knee 2","16"
"Alliance Ethnik","Chloe","F","46","Cuevas","195.94404","paid","San Francisco-Oakland-Hayward, CA","1096","SinceritÃÂ© Et Jalousie","49"
"Mew","Rylan","M","24","George","167.75791","paid","Birmingham-Hoover, AL","1076","Her Voice Is Beyond Her Years","16"
"Ive Mendes","Rylan","M","25","George","238.94159","paid","Birmingham-Hoover, AL","1076","If You Leave Me Now","16"
"Alliance Ethnik","Bronson","M","1","Harris","195.94404","free","Eugene, OR","1026","SinceritÃÂ© Et Jalousie","33"
"the bird and the bee","Rylan","M","26","George","193.802","paid","Birmingham-Hoover, AL","1076","Diamond Dave","16"
"Common / Sadat X","Bronson","M","2","Harris","256.20853","free","Eugene, OR","1026","1999","33"
"Alanis Morissette","Rylan","M","27","George","245.15873","paid","Birmingham-Hoover, AL","1076","King Of Pain (Live/Unplugged Version)","16"
"Skillet","Bronson","M","7","Harris","233.32526","free","Eugene, OR","1026","Rebirthing (Album Version)","33"
"James Galway;Julian Lee","Rylan","M","28","George","218.67057","paid","Birmingham-Hoover, AL","1076","Beauty and the Beast","16"
"Drop Dead_ Gorgeous","Rylan","M","29","George","156.70812","paid","Birmingham-Hoover, AL","1076","Dressed For Friend Requests (Album Version)","16"
"Dwight Yoakam","Rylan","M","30","George","239.3073","paid","Birmingham-Hoover, AL","1076","You're The One","16"
"Trouble","Rylan","M","31","George","205.11302","paid","Birmingham-Hoover, AL","1076","Tuesday's Child","16"
"OneRepublic","Rylan","M","33","George","237.97506","paid","Birmingham-Hoover, AL","1076","All The Right Moves","16"
"Switchblade Symphony","Rylan","M","34","George","259.5522","paid","Birmingham-Hoover, AL","1076","Wicked","16"
"Sharooz","Rylan","M","35","George","234.05669","paid","Birmingham-Hoover, AL","1076","My Distressor 40Khz ReRub Mix","16"
"Explosions In The Sky","Rylan","M","36","George","522.9971","paid","Birmingham-Hoover, AL","1076","Six Days At The Bottom Of The Ocean","16"
"Emmylou Harris","Chloe","F","1","Cuevas","194.63791","paid","San Francisco-Oakland-Hayward, CA","1114","Little Bird","49"
"Jack Johnson","Chloe","F","2","Cuevas","153.67791","paid","San Francisco-Oakland-Hayward, CA","1114","The Horizon Has Been Defeated","49"
"Radiohead","Rylan","M","37","George","249.93914","paid","Birmingham-Hoover, AL","1076","Everything In Its Right Place","16"
"Andrew Bird","Chloe","F","3","Cuevas","215.87546","paid","San Francisco-Oakland-Hayward, CA","1114","Heretics","49"
"Metallica","Rylan","M","38","George","380.21179","paid","Birmingham-Hoover, AL","1076","Sabbra Cadabra","16"
"Lonnie Gordon","Chloe","F","4","Cuevas","181.21098","paid","San Francisco-Oakland-Hayward, CA","1114","Catch You Baby (Steve Pitron & Max Sanna Radio Edit)","49"
"Dropkick Murphys","Chloe","F","5","Cuevas","167.73179","paid","San Francisco-Oakland-Hayward, CA","1114","Shattered","49"
"Eric B. & Rakim","Rylan","M","39","George","240.32608","paid","Birmingham-Hoover, AL","1076","As The Rhyme Goes On","16"
"Dierks Bentley","Chloe","F","6","Cuevas","223.242","paid","San Francisco-Oakland-Hayward, CA","1114","Settle For A Slowdown","49"
"Regina Spektor","Rylan","M","40","George","290.14159","paid","Birmingham-Hoover, AL","1076","Daniel Cowman","16"
"Angelspit","Chloe","F","7","Cuevas","241.94567","paid","San Francisco-Oakland-Hayward, CA","1114","Make You Sin","49"
"Young Gunz / Beanie Sigel","Chloe","F","8","Cuevas","292.44036","paid","San Francisco-Oakland-Hayward, CA","1114","Roc U","49"
"DJ Dizzy","Rylan","M","41","George","221.1522","paid","Birmingham-Hoover, AL","1076","Sexy Bitch","16"
"Base Ball Bear","Rylan","M","42","George","255.60771","paid","Birmingham-Hoover, AL","1076","Sayonara-Nostalgia","16"
"Morcheeba","Chloe","F","9","Cuevas","101.95546","paid","San Francisco-Oakland-Hayward, CA","1114","In The Hands Of The Gods (Featuring Biz Markie)","49"
"Bitter:Sweet","Chloe","F","10","Cuevas","194.16771","paid","San Francisco-Oakland-Hayward, CA","1114","Don't Forget To Breathe","49"
"Basshunter Feat. DJ Mental Theos Bazzheadz","Rylan","M","43","George","152.65914","paid","Birmingham-Hoover, AL","1076","Now You're Gone","16"
"BjÃÂ¶rk","Chloe","F","11","Cuevas","348.57751","paid","San Francisco-Oakland-Hayward, CA","1114","Undo","49"
"Rihanna","Rylan","M","44","George","239.75138","paid","Birmingham-Hoover, AL","1076","G4L","16"
"Evanescence","Rylan","M","45","George","220.3424","paid","Birmingham-Hoover, AL","1076","Hello","16"
"Mr. Vegas","Chloe","F","12","Cuevas","240.69179","paid","San Francisco-Oakland-Hayward, CA","1114","Tamale","49"
"Mischa Daniels","Rylan","M","46","George","419.81342","paid","Birmingham-Hoover, AL","1076","Another Place","16"
"The Menzingers","Chloe","F","13","Cuevas","276.00934","paid","San Francisco-Oakland-Hayward, CA","1114","Straight To Hell","49"
"Justin Timberlake","Chloe","F","14","Cuevas","288.93995","paid","San Francisco-Oakland-Hayward, CA","1114","Cry Me A River","49"
"Vilma Palma e Vampiros","Rylan","M","47","George","338.18077","paid","Birmingham-Hoover, AL","1076","Un Camino Hasta Vos","16"
"CCCP - Fedeli Alla Linea","Chloe","F","15","Cuevas","329.66485","paid","San Francisco-Oakland-Hayward, CA","1114","Sura (2008 Digital Remaster)","49"
"Kid Cudi / MGMT / Ratatat","Rylan","M","48","George","295.67955","paid","Birmingham-Hoover, AL","1076","Pursuit Of Happiness (nightmare)","16"
"Drake / Kanye West / Lil Wayne / Eminem","Chloe","F","16","Cuevas","357.66812","paid","San Francisco-Oakland-Hayward, CA","1114","Forever","49"
"A Day To Remember","Rylan","M","49","George","247.64036","paid","Birmingham-Hoover, AL","1076","Homesick [Acoustic]","16"
"T.I.","Jayden","M","0","Bell","299.75465","free","Dallas-Fort Worth-Arlington, TX","1085","Dead And Gone [feat. Justin Timberlake] (Explicit Album Version)","91"
"The Offspring","Rylan","M","50","George","163.3171","paid","Birmingham-Hoover, AL","1076","It'll Be a Long Time (Album Version)","16"
"Jorge Gonzalez","Chloe","F","17","Cuevas","272.14322","paid","San Francisco-Oakland-Hayward, CA","1114","Esta Es Para Hacerte FÃÂ©liz","49"
"Sneaker Pimps","Jayden","M","1","Bell","260.91057","free","Dallas-Fort Worth-Arlington, TX","1085","Spin Spin Sugar","91"
"Escape The Fate","Rylan","M","51","George","266.73587","paid","Birmingham-Hoover, AL","1076","This War Is Ours (The Guillotine II)","16"
"Juanes","Chloe","F","18","Cuevas","243.27791","paid","San Francisco-Oakland-Hayward, CA","1114","La Vida Es Un Ratico","49"
"The Replacements","Rylan","M","52","George","170.57914","paid","Birmingham-Hoover, AL","1076","Never Mind","16"
"Sarah McLachlan","Chloe","F","19","Cuevas","278.90893","paid","San Francisco-Oakland-Hayward, CA","1114","Possession","49"
"Sonny Boy Williamson","Rylan","M","53","George","152.24118","paid","Birmingham-Hoover, AL","1076","Don't Start Me Talkin'","16"
"Soul II Soul Featuring Caron Wheeler","Rylan","M","54","George","225.2273","paid","Birmingham-Hoover, AL","1076","Back To Life (However Do You Want Me) (2003 Digital Remaster) (Feat. Caron Wheeler)","16"
"Florence + The Machine","Chloe","F","20","Cuevas","219.66322","paid","San Francisco-Oakland-Hayward, CA","1114","Dog Days Are Over (Radio Edit)","49"
"Pantera","Rylan","M","55","George","286.69342","paid","Birmingham-Hoover, AL","1076","Heresy  (LP Version)","16"
"Cold","Chloe","F","21","Cuevas","177.76281","paid","San Francisco-Oakland-Hayward, CA","1114","Remedy","49"
"Norther","Chloe","F","22","Cuevas","246.54322","paid","San Francisco-Oakland-Hayward, CA","1114","Frozen Angel","49"
"Foo Fighters","Rylan","M","57","George","271.38567","paid","Birmingham-Hoover, AL","1076","The Pretender","16"
"Timbiriche","Rylan","M","58","George","202.60526","paid","Birmingham-Hoover, AL","1076","Besos De Ceniza","16"
"A Perfect Circle","Rylan","M","59","George","206.05342","paid","Birmingham-Hoover, AL","1076","Rose","16"
"Anberlin","Rylan","M","60","George","348.682","paid","Birmingham-Hoover, AL","1076","The Haunting","16"
"Deas Vail","Elijah","M","0","Davis","237.68771","free","Detroit-Warren-Dearborn, MI","985","Anything You Say (Unreleased Version)","5"
